question;created_at
Hi! K√∂nnt ihr bitte mal die Rechnung checken? Kommt mir bisschen hoch vor‚Ä¶;2023-10-05 15:45
K√∂nnt ihr endlich meinen Vertrag k√ºndigen? Hab‚Äôs jetzt schon dreimal geschrieben!;2023-10-01 09:12
Ich m√∂chte meine Gas-Abschl√§ge anpassen. K√∂nnen Sie mir helfen?;2023-10-05 09:00
Was mache ich bei einem Stromausfall?;2023-10-04 07:55
Es ist unm√∂glich, dass der Z√§hlerstand so hoch ist! Da stimmt doch was nicht!;2023-10-12 12:10
Warum ignoriert ihr die Anfrage? K√ºndigt endlich und best√§tigt es mir schriftlich!;2023-10-06 08:25
Wie kann ich auf Lastschrift als Zahlungsart umstellen?;2023-10-08 16:05
Can we make an install date f√ºr die Solaranlage fixen? üòä;2023-10-07 11:15
Hey, ich brauche mal ne Verbrauchs√ºbersicht der letzten 6 Monate. Geht das?;2023-10-03 13:40
Umzug inc., braucht neue Adresse asap pls üè°;2023-10-02 08:45
Geht‚Äôs monatliche abrechnng machbar, statt jahrelich?;2023-10-09 09:10
Ich fordere eine sofortige Korrektur meiner Rechnung!;2023-10-13 10:50
Ferienwohnung, Stromvertrag auf anderen Tarif umstellen, wie geht?;2023-10-15 11:45
Wie kann ich den Z√§hlerstand melden?;2023-10-08 13:30
Vielleicht gibt es ja eine F√∂rderung f√ºr Solaranlagen? Wei√ü aber nicht genau‚Ä¶;2023-10-07 11:15
K√∂nnt ihr mein Konto f√ºr E-Mail-Benachrichtigungen umstellen?;2023-10-14 12:20
Seit Wochen kein Update, aber die Preise steigen ‚Äì unglaublich!;2023-10-14 09:30
Kann mann Z√§hlerstand sleber machn oder nicht?;2023-10-14 12:20
App, die f√ºr Verbrauch geht, gibt es?;2023-10-04 12:10
Ich finde meine alten Rechnungen nicht ‚Äì wo sind die? üìÇ;2023-10-14 09:30
Schon wieder keine Reaktion? Lasst mich bitte mit jemandem sprechen, der sich auskennt.;2023-10-15 08:50
Wie kann ich meine Pflanzen retten, sie sehen traurig aus.;2023-10-04 12:10
Was muss ich noch tun, damit mein Vertrag endlich gek√ºndigt wird?!;2023-10-06 08:25
Wie kann ich lernen, meine eigenen Witze zu machen?;2023-10-15 11:45
Ich bin mir nicht sicher, ob meine Rechnung zu hoch ist, kann das stimmen?;2023-10-04 07:55
Wasserz√§hler kaputt? Ersatz oder wie pr√ºfen lassen?;2023-10-09 14:50
Ich erwarte eine sofortige Antwort! Seit Wochen passiert hier nichts!;2023-10-09 14:50
Wie kann es sein, dass meine Rechnung sich verdoppelt hat? Das ist nicht akzeptabel!;2023-10-07 09:45
Bitte aktualisiert meine Adresse f√ºr die Rechnungen. Ziehe um.;2023-10-09 09:10
Warum sind Katzen so seltsam? üê±;2023-10-02 11:32
Wie sieht ein perfekter Samstag f√ºr dich aus?;2023-10-09 09:10
Ich suche nach dem besten Rezept f√ºr Lasagne, bitte!;2023-10-01 14:23
Ich bin absolut entt√§uscht von eurem Kundenservice!;2023-10-11 15:45
Beenden Sie meinen Vertragg, wann m√∂glcih.;2023-10-06 08:25
Yo, letzte Rechnung war way too high, k√∂nnt ihr das checken?;2023-10-11 15:45
Hast du Tipps f√ºr eine gute Zeitplanung?;2023-10-14 12:20
Ich frage mich, ob ich auf einen flexiblen Tarif wechseln sollte? Bin nicht sicher‚Ä¶;2023-10-15 08:50
Woe schau ich Jahresverbrauch? Online?;2023-10-12 08:30
Hallo?! Das ist jetzt echt der letzte Versuch ‚Äì K√ºndigt meinen Tarif und zwar sofort!;2023-10-12 12:10
Ablesetermin f√ºr Z√§hler, wann ist das n√§chste?;2023-10-10 13:20
Muss ich beim Umzug den Vertrag neu anmelden? Oder geht das automatisch?;2023-10-03 13:40
Soll das ein Witz sein? Schon wieder Abrechnungsfehler!;2023-10-05 09:00
Yo, drop mir mal bitte ne Kopie meiner letzten Rechnung üìÑ;2023-10-03 13:40
Kann ich vielleicht meine Abschlagszahlung anpassen, wenn die Rechnung zu hoch ist?;2023-10-08 13:30
Echt jetzt, schon wieder der gleiche Mist mit den Abschl√§gen? Bringt das endlich in Ordnung.;2023-10-04 07:55
Gibs ne App fur Energie uberwachung?;2023-10-04 12:10
Hey, k√∂nnt ihr meinen Tarif f√ºr n√§chstes Jahr anpassen? Denke, ich brauche was G√ºnstigeres.;2023-10-01 09:12
Warum bekommt ihr das mit den Z√§hlerablesungen nie auf die Reihe?;2023-10-11 11:35
Bin mir unsicher, ob ich den Z√§hlerstand selber melden muss oder nicht‚Ä¶;2023-10-14 12:20
Hey, bitte schickt mir alle Abrechnungen vom letzten Jahr. Brauch das f√ºr Unterlagen.;2020-10-15 8:50
Gas-Abschl√§ge erh√∂hen, soll ich? Wie macht man das?;2023-10-05 09:00
Warum dauert das ewig? Schickt mir die √úbersicht sofort ‚Äì ist doch nicht so schwer.;2023-10-05 15:45
Ich wil wissen mein Wa√üer stand, wie schiken?;2023-10-05 15:45
Was denkst du √ºber die neueste Staffel von Stranger Things?;2023-10-05 09:00
Kann ich meinen monatlichen Abschlag erh√∂hen?;2023-10-09 09:10
Ist meine Stromrechnung normal oder zu hoch? F√ºhlt sich irgendwie viel an‚Ä¶;2023-10-13 13:40
Kann ich den Stromvertrag f√ºr meine Ferienwohnung auf nen andern Tarif umstellen? Danke üôå;2023-10-15 11:45
Was macht einen Film gro√üartig? Deine Meinung?;2023-10-13 13:40
Gibt es spezielle Tarife f√ºr Rentner?;2023-10-06 08:25
Seit wann muss man hundertmal schreiben, bis mal was passiert? Bitte sofort Tarif auf √ñko √§ndern!;2023-10-07 11:15
Soll ich den Vertrag k√ºndigen oder erstmal pausieren? Was meint ihr?;2023-10-07 09:45
Lest ihr √ºberhaupt, was ich schreibe? Wechselt meinen Tarif JETZT, sonst k√ºndige ich!;2023-10-02 11:32
Ich m√∂chte meinen Z√§hlerstand √ºbermitteln. Wie geht das?;2023-10-08 13:30
Mein Wasserverbrauch sehen, wo kann, √§h, online oder wie?;2023-10-05 15:45
K√∂nnt ihr mir die Infos f√ºr den Tarifwechsel an meine Mail senden? Danke!;2023-10-04 07:55
Einrichten, monatliche Zahlungen, f√ºr Wasserrechnung, wie geht das?;2023-10-02 11:32
Gibt es eine App zur √úberwachung meines Energieverbrauchs?;2023-10-04 12:10
Jahresverbrauch sehen... wo finde ich das??;2023-10-12 08:30
Tarif, ich m√∂chte √§ndern auf √ñkostrom. Geht das?;2023-10-03 10:15
Wie funktioniert Zeitreisen in Filmen? Ich verstehe das nicht.;2023-10-10 13:20
Mein Jahresverbrauch, ich sehen will, wo finde ich das?;2023-10-12 08:30
Hey, keine Rechnung gekommen, k√∂nnt ihr die nochmal senden?;2023-10-15 08:50
Wei√ü nicht, ob ich einen Rabatt bekommen kann. Gibt es sowas?;2023-10-14 09:30
Immer noch keine Antwort? Bitte stellt meinen Tarif um, sonst such ich mir nen neuen Anbieter.;2023-10-11 15:45
Das kann doch nicht sein! Wieso gibt es keinen Kundenservice, der erreichbar ist?;2023-10-09 09:10
√Ñndern Strom vertrag f√ºr Zweitwohung auf bessrer Tariff pls.;2023-10-15 11:45
Wa√üerz√§hler ist kapputt oder so, pls pr√ºfen.;2023-10-09 14:50
Ich habe schon zweimal angerufen, aber niemand hilft mir mit meinem Problem!;2023-10-01 14:23
Was sind die Merkmale eines guten Freundes?;2023-10-12 08:30
Lastschrift, das √§ndern, auf Konto? Also f√ºr Zahlungen.;2023-10-08 16:05
Ich bin mir nicht sicher, wie die Verbrauchsanzeige funktioniert. Ist das kompliziert?;2023-10-08 16:05
Wie und wo gebe ich den Z√§hlerstand durch? Need help plz üòÖ;2023-10-08 13:30
Ich √ºberlege, ein Instrument zu lernen. Was w√ºrdest du empfehlen?;2023-10-11 15:45
Bitte den Vertrag f√ºr mich canceln, wann es geht üôè;2023-10-06 08:25
F√∂rderung f√ºr Solar? Will wissen, ob das worth it ist ‚òÄÔ∏è;2023-10-07 09:45
F√∂rderung f√ºr Solaranlagen wie beantrage ich sowas?;2023-10-07 09:45
Wie kann ich meinen Stromtarif √§ndern?;2023-10-01 09:12
Es ist unm√∂glich, jemanden bei euch ans Telefon zu bekommen! Ich will endlich Klarheit!;2023-10-08 16:05
Gibt es spezielle Tarife f√ºr Elektrofahrzeug-Besitzer?;2023-10-10 10:00
Giebts kundnenbonus progamm f√ºr stammkunde?;2023-10-13 13:40
Schon dreimal den Umzug gemeldet und trotzdem kommen die Rechnungen an die alte Adresse!;2023-10-06 14:20
Letzte Rechnung hoch, warum? Bitte pr√ºfen oder was m√∂glich.;2023-10-11 15:45
Wie kann ich den Wasserverbrauch in meiner Wohnung kontrollieren?;2023-10-05 15:45
Hey, kurze Frage: Bitte stellt meine Rechnungen auf monatlich um, Jahresabrechnung passt nicht mehr.;2023-10-08 16:05
Ich will sofort eine Erkl√§rung f√ºr diese horrende Rechnung!;2023-10-03 13:40
Ich wei√ü nicht, ob ich den richtigen Z√§hlerstand eingebe. K√∂nnt ihr das f√ºr mich checken?;2023-10-02 11:32
Hab‚Äôs satt, macht das jetzt fertig. K√ºndigt und Best√§tigung schicken. Sofort!;2023-10-13 13:40
Kann ich meinen Verbrauch monatlich statt j√§hrlich zahlen?;2023-10-09 09:10
St√§ndig gibt es Probleme mit meinem Vertrag, langsam reicht es mir!;2023-10-15 08:50
Welches Land m√∂chtest du unbedingt bereisen? üåç;2023-10-06 08:25
Hey, bitte schickt mir die letzte Rechnung per PDF, hab die Mail nicht bekommen.;2023-10-02 08:45
K√∂nnt ihr meinen Verbrauch mal analysieren? Will wissen, wo ich sparen kann.;2023-10-10 10:00
Bitte deaktiviert meinen bisherigen Abschlag, will das manuell √ºberweisen.;2023-10-13 10:50
Ich frage mich, ob ich Ratenzahlung machen kann‚Ä¶ oder w√§re das kompliziert?;2023-10-13 10:50
Ich wil mein Storm vertrag k√ºnigen, wie geet das?;2023-10-01 09:12
Bekomme e-autos rabat oder nicht?;2023-10-10 10:00
Ich brauche Inspiration f√ºr ein neues Hobby, was macht Spa√ü?;2023-10-07 11:15
Wie mach ich Tarrifwechsel zu √∂kostorm? Kann nich finden.;2023-10-03 10:15
Kann ich auf Lastschrift wechseln? Safe?;2023-10-08 16:05
K√∂nn meine Gass kosten erh√∂et werden, wie geht das?;2023-10-05 09:00
Also, f√ºr Gas will ich, glaube ich, auf den √ñko-Tarif wechseln, oder so?;2023-10-01 14:23
Warum ist meine Rechnung schon wieder so hoch? Das kann doch nicht sein!;2023-10-01 09:12
Ich brauche, wie man den Vertrag k√ºndigt, also, die Schritte?;2023-10-01 09:12
Was sind die besten Hacks f√ºr die t√§gliche Motivation?;2023-10-10 10:00
Termin f√ºr Installation Solar machen, wie geht? Brauche bald.;2023-10-07 11:15
Ich wei√ü nicht, ob ich meine Rechnung verstehe. Vielleicht k√∂nnt ihr das erkl√§ren?;2023-10-12 08:30
Wie schwer ist es, mir meine eigenen Abrechnungen zu schicken? Ich will alle von 2022 per Mail.;2023-10-06 14:20
Ich glaube, ich muss meinen Vertrag √§ndern‚Ä¶ Wie geht das?;2023-10-01 09:12
Entzugserm√§chtigtung zur√ºckziehn pls.;2023-10-13 10:50
Strom ist weg, wie melden, oder was tun?;2023-10-04 07:55
K√∂nnt ihr den Termin zur Z√§hlerablesung verschieben? Bin diese Woche nicht da.;2023-10-08 13:30
K√∂nnt ihr mein Problem l√∂sen, oder soll ich‚Äôs gleich an die Gesch√§ftsleitung weitergeben?;2023-10-04 12:10
Bonusprogramm f√ºr Stammkunden, gibt‚Äôs das oder wie anmelden?;2023-10-13 13:40
Wie richte ich diese Abschlagszahlungen ein? Brauch Tutorial üòÖ;2023-10-02 11:32
Wenn ich ein Tier sein k√∂nnte, welches w√§re das und warum?;2023-10-14 09:30
Hi! K√∂nnt ihr bitte meine Z√§hlerablesung f√ºrs Quartal machen? Bin nicht zu Hause.;2023-10-01 14:23
Mein Nachbar meinte, sein Tarif ist g√ºnstiger‚Ä¶ Sollte ich wechseln?;2023-10-11 15:45
Bitte meldet meinen Umzug an die neue Adresse. Muss bis Ende des Monats erledigt sein.;2023-10-04 12:10
Was muss ich tun, damit hier mal was passiert? Schickt die Abrechnung f√ºr dieses Jahr, und zwar jetzt.;2023-10-14 09:30
Rabatt gibt‚Äôs f√ºr E-Autos oder m√∂glich?;2023-10-10 10:00
Schickt mir bitte ne Erinnerung, wenn die n√§chste Z√§hlerablesung f√§llig ist.;2023-10-06 08:25
Reicht jetzt! Erledigt den Tarifwechsel endlich, wie oft muss ich das noch schreiben?;2023-10-05 09:00
Letzte rechnung viel zu hoch, pls pr√ºfn!!!;2023-10-11 15:45
Das ist eine absolute Abzocke, was ihr hier macht!;2023-10-13 13:40
Wie kann ich meine Adresse f√ºr die Abrechnung √§ndern?;2023-10-06 14:20
Muss Z√§hlestand meldn, aber wie?;2023-10-08 13:30
Solar instaliren: machen sie da termmin f√ºr mich?;2023-10-07 11:15
Warum dauert es ewig, bis mein Z√§hlerstand aktualisiert wird?;2023-10-04 12:10
Muss ich meinen Z√§hlerstand selber ablesen oder schickt ihr jmd?;2023-10-14 12:20
Warum schmeckt Schokolade so gut? üç´;2023-10-12 12:10
Ich habe keine Ahnung, wann der Z√§hlerstand zuletzt abgelesen wurde. Soll ich das wissen?;2023-10-09 14:50
Heyyy, k√∂nnt ihr meinen Tarif auf den gr√ºnen switchen? üå±;2023-10-01 14:23
Schicken sie mir die lezte Rechung als kopie.;2023-10-03 13:40
Umzzug: Neue Addresse f√ºr Recnungen eintragen pls.;2023-10-02 08:45
Keine Rechnung bekommen, nochmal senden, bitte?;2023-10-15 08:50
Umgezogen, Adresse muss jetzt die neue sein, f√ºr Rechnungen.;2023-10-02 08:45
Yo, wie sehe ich meinen Wasserverbrauch? Online oder?;2023-10-05 15:45
Ich brauch keinen Einzug mehr, wie mach ich das r√ºckg√§ngig?;2023-10-13 10:50
Wil Verbrauchsmomitor aktiviren, wie geht das??;2023-10-11 11:35
Gibt es einen Rabatt f√ºr umweltfreundliche Heizoptionen?;2023-10-01 14:23
Wie melde ich einen Stromausfall in meiner Nachbarschaft?;2023-10-04 07:55
Wie kann es sein, dass ich seit Wochen auf eine R√ºckmeldung warte?;2023-10-02 11:32
Wie mache ich den besten Kaffee? ‚òï;2023-10-01 09:12
Strummausfall hier bei uns ‚Äì hilfe?;2023-10-04 07:55
Brauche ein abbslags plan f√ºr Wa√üer.;2023-10-02 11:32
Gibt‚Äôs ein Bonus f√ºr Stammkunden oder nah?;2023-10-13 13:40
Rechnungadres √§ndern, machen sie das bittee?;2023-10-06 14:20
Kann ich den Tarif easy auf √ñkostrom umstellen? Thx!;2023-10-03 10:15
Ich m√∂chte meinen aktuellen Stromtarif wechseln, wie geht das?;2023-10-03 10:15
Warum wird mein Anliegen einfach ignoriert? Bitte umgehend den Abschlag anpassen!;2023-10-12 08:30
Wieso dauert das so lange? Schickt mir endlich die alten Rechnungen. Ich hab keinen Bock mehr.;2023-10-13 10:50
F√∂rderung, gibt‚Äôs f√ºr Solaranlagen? M√∂chte Info, wie geht.;2023-10-07 09:45
So schwer ist das doch nicht. Will meine Rechnung als PDF ‚Äì sofort schicken bitte.;2023-10-10 10:00
Das ist eine absolute Frechheit! Warum sind die Preise pl√∂tzlich so hoch?;2023-10-03 10:15
Lohnt sich ein Wechsel auf einen Jahrestarif wirklich? Bin unsicher.;2023-10-10 10:00
Bitte k√ºndigt meinen alten Tarif zum Monatsende, hab was Neues gefunden.;2023-10-03 10:15
Es reicht mir langsam mit euren Fehlern in der Abrechnung!;2023-10-10 10:00
Vertrag k√ºndigen bitte, wann geht es, also fr√ºhestm√∂glich.;2023-10-06 08:25
Hey, Tarifwechsel bitte asap, der alte wird langsam echt teuer.;2023-10-12 08:30
K√∂nnte ich die Zeit zur√ºckdrehen, um das Wochenende zu verl√§ngern?;2023-10-09 14:50
Kann ich den Wasserverbrauch online √ºberwachen?;2023-10-05 15:45
Ich frage mich, ob ich vielleicht einen Bonus verpasse? Gibt es sowas √ºberhaupt?;2023-10-11 11:35
Wie kann ich meine Rechnung einsehen?;2023-10-03 13:40
K√∂nntest du mir ein gutes Buch empfehlen?;2023-10-03 13:40
Verbrauchsmonitor, kann ich das aktivieren? Wo Anleitung?;2023-10-11 11:35
Wie hoch sind die Grundgeb√ºhren f√ºr Gas?;2023-10-05 09:00
Z√§hlerstand mitteilen, wie das machen? Stromz√§hler.;2023-10-08 13:30
Wie √§ndere ich meine Zahlungsweise auf Lastschrift?;2023-10-08 16:05
Kann ich meinen Vertrag vorzeitig k√ºndigen?;2023-10-06 08:25
Z√§hlerstand selber ablesen, geht oder nicht?;2023-10-14 12:20
Sollte ich den Wasserz√§hler √∂fter pr√ºfen? Oder ist das unn√∂tig?;2023-10-12 12:10
Reicht jetzt! Will sofort jemand sprechen. Warteschleife ist ne Zumutung.;2023-10-10 13:20
Hey, schickt mir die Zugangsdaten f√ºr das Online-Portal nochmal. Hab‚Äôs verlegt.;2023-10-09 14:50
K√∂nnt ihr mir mal erkl√§ren, warum der Z√§hlerstand falsch ist? Schon wieder!;2023-10-08 13:30
Bitte schickt mir die Best√§tigung zur K√ºndigung. Und zwar heute noch!;2023-10-09 09:10
Macht es Sinn, wenn ich meine Gas-Abschl√§ge h√∂her setze? ü§î;2023-10-05 09:00
Gibt es Rabatte f√ºr Elektrofahrzeug-Besitzer?;2023-10-10 10:00
Wann is der n√§chste Ablesetermin? Muss ich da sein?;2023-10-10 13:20
Yo, wie kann ich meinen Stromvertrag canceln? üï¥Ô∏è;2023-10-01 09:12
Kann ich mir wirklich sicher sein, dass meine Daten aktuell sind? Hab das Gef√ºhl, was fehlt‚Ä¶;2023-10-08 16:02
Wann kommt der lesetermien f√ºr mein gas Z√§ller?;2023-10-10 13:20
Wie √§ndere ich die Adresse f√ºr meine Abrechnung?;2023-10-06 14:20
Hallo? Bitte endlich meine Rechnungen digital umstellen. Langsam nervt‚Äôs.;2023-10-08 13:30
Wie oft muss ich noch schreiben, bis ihr mal antwortet? Gebt mir endlich die letzte Rechnung per Mail!;2023-10-03 10:15
Ich erwarte, dass mein Anliegen heute noch gekl√§rt wird, sonst k√ºndige ich!;2023-10-14 12:20
Hab‚Äôs schon tausendmal gesagt: Bitte k√ºndigen und Best√§tigung schicken. Wie schwer kann das sein?;2023-10-03 13:40
Wie melde ich meinen Umzug bei Ihnen an?;2023-10-02 08:45
K√∂nnt ihr meine Z√§hlerablesung automatisieren? Will nicht jedes Mal dran denken m√ºssen.;2023-10-07 09:45
Was ist das verr√ºckteste, was du je gegessen hast?;2023-10-15 08:50
Was ist der beste Weg, um ein Haustier zu adoptieren?;2023-10-08 13:30
Ist ein anderer Tarif vielleicht besser f√ºr mich? Keine Ahnung‚Ä¶;2023-10-05 09:00
K√∂nnt ihr meinen Vertrag mal pr√ºfen und mir die g√ºnstigsten Optionen zeigen?;2023-10-12 12:10
Wann erfolgt die n√§chste Z√§hlerablesung?;2023-10-10 13:20
Warum muss ich das alles nochmal erkl√§ren? Schaltet mein verdammtes Konto auf Papier-Rechnung um!;2023-10-01 14:23
Kann man Ratenzahlung machen, wenn die Rechnung big ist?;2023-10-12 12:10
Bieten Sie Installationsdienste f√ºr Solaranlagen an?;2023-10-07 11:15
Ich m√∂chte gerne meinen Stromtarif k√ºndigen.;2023-10-01 09:12
Mein Wasserz√§hler ist defekt. Was soll ich tun?;2023-10-09 14:50
Neue Rechnungsadresse machen, umgezogen, jetzt die andere.;2023-10-06 14:20
Abrechnung monatlich statt j√§hrlich, kann man das?;2023-10-09 09:10
Was ist der Unterschied zwischen Pizza und Flammkuchen?;2023-10-06 14:20
Sollte ich einen h√∂heren Abschlag f√ºr Gas setzen? Bin nicht sicher, ob das sinnvoll ist.;2023-10-09 09:10
Ich brauche Ideen f√ºr ein Geburtstagsgeschenk f√ºr meinen Freund!;2023-10-05 15:45
Muss ich wirklich bei jeder Rechnung die Daten pr√ºfen? F√ºhlt sich √ºbertrieben an, oder?;2023-10-10 13:20
Wieso wurde mein Lastschriftverfahren einfach abgebucht, obwohl ich gek√ºndigt habe?;2023-10-10 13:20
Ratenzahlung f√ºr gro√üe Rechnung, geht das einrichten?;2023-10-12 12:10
Rechnungsadresse updaten pls, bin umgezogen üõ£Ô∏è;2023-10-06 14:20
Hi, bucht die Rechnung bitte erst n√§chste Woche ab. Hab noch ne R√ºckzahlung offen.;2023-10-15 08:50
Das ist jetzt das dritte Mal: Meldet meinen Umzug endlich an! Was l√§uft bei euch schief?;2023-10-07 09:45
Gibt es etwas, das ich √ºbersehen habe f√ºr meinen Umzug? Bin mir unsicher‚Ä¶;2023-10-06 08:25
Bitte deaktiviert die Papier-Rechnungen. Will das alles nur noch digital haben.;2023-10-11 11:35
Ich glaube, mein Z√§hler k√∂nnte kaputt sein, aber bin mir nicht sicher‚Ä¶;2023-10-06 14:20
Kann ich eine monatliche Abschlagszahlung f√ºr meinen Wasserverbrauch einrichten?;2023-10-02 11:32
Wo kann ich meine letzten Rechnungen einsehen?;2023-10-03 13:40
Warum muss ich jedes Mal den gleichen Fehler melden? K√ºmmert euch endlich drum!;2023-10-12 08:30
Bieten Sie eine App f√ºr den Verbrauchsmonitor an?;2023-10-04 12:10
Warum bekomme ich keine Info zu den Preiserh√∂hungen? Das ist doch unversch√§mt!;2023-10-05 15:45
Wie viele Beschwerden muss ich noch einreichen, bis etwas passiert?;2023-10-15 11:45
K√∂nnt ihr endlich reagieren? Ich will wissen, warum mein Abschlag so hoch ist. Aufkl√§rung bitte!;2023-10-09 14:50
Wie melde ich meinen neuen Wohnsitz an?;2023-10-02 08:45
Water meter is probs broken üò¨ ‚Äì wie checkt ihr das?;2023-10-09 14:50
Schon wieder ein Fehler in der Abrechnung! Korrigiert das jetzt endlich!;2023-10-02 08:45
Bin mir nicht sicher, ob mein Tarif der g√ºnstigste ist‚Ä¶ k√∂nnt ihr das pr√ºfen?;2023-10-01 14:23
Was sind die Voraussetzungen f√ºr einen F√∂rderantrag?;2023-10-07 09:45
K√∂nnen wir monatlich abrechnen statt yearly? ü§û;2023-10-09 09:10
Seit Tagen keine Antwort auf meine E-Mail! Was ist da los bei euch?;2023-10-04 07:55
Kann ich meinen Vertrag pausieren? Bin ein paar Monate im Ausland.;2023-10-05 09:00
Bieten Sie Unterst√ºtzung bei der Installation einer Solaranlage?;2023-10-07 11:15
Ich kann mich nicht entscheiden, was ich zum Abendessen machen soll!;2023-10-13 10:50
Gibt‚Äôs ne App, mit der ich meine Energie tracken kann? üîãüì±;2023-10-04 12:10
Ich wei√ü nicht genau, wie ich meinen Wasserverbrauch finde. K√∂nnt ihr mir da helfen?;2023-10-05 15:45
Sollte ich meinen Z√§hlerstand melden oder macht ihr das?;2023-10-04 12:10
Wie kann ich meinen Gasvertrag auf einen anderen Tarif umstellen?;2023-10-01 14:23
Hey, passt meinen Stromverbrauch an meine neue Wohnung an, ist deutlich kleiner.;2023-10-14 09:30
Bitt e√§ndern sie mein Gas traiff auf √∂ko oder so √§nlich.;2023-10-01 14:23
Warum dauert das so lange?! Will nur ne einfache Erkl√§rung zur Rechnung. Schickt mir sofort was.;2023-10-08 16:05
Wie viele Sterne gibt es am Himmel? üåå;2023-10-03 10:15
Kein Rechnugn gekommen, bitte senden!;2023-10-15 08:50
Was mache ich, wenn mein Wasserz√§hler kaputt ist?;2023-10-09 14:50
Schickt mir bitte die Tarifoptionen f√ºr √ñkostrom. Will ggf. wechseln.;2023-10-13 13:40
Einzugserm√§chtigung zur√ºckziehen, brauche ich.;2023-10-13 10:50
K√∂nnt ihr mir die K√ºndigungsfrist f√ºr meinen Vertrag schicken? Muss das wissen.;2023-10-11 15:45
Hast du Tipps, wie man besser im Stress umgeht?;2023-10-08 16:05
Woe find ich alte rechungen im Online portal?;2023-10-14 09:30
Kann ich ratenzhlung fur grosse rechnug kriegen?;2023-10-12 12:10
Welche Stromtarife bieten Sie f√ºr Haushalte an?;2023-10-03 10:15
Entweder ich krieg endlich ne Antwort, oder ich geh zur Konkurrenz. Stellt bitte den Abschlag um.;2023-10-14 12:20
Stromausfall, help! ü•≤ Wohin kann ich das melden?;2023-10-04 07:55
Kann ich eine Abschlagszahlung f√ºr Wasser festlegen?;2023-10-02 11:32
Welche F√∂rderm√∂glichkeiten bieten Sie f√ºr Solaranlagen an?;2023-10-07 09:45
Wann wird mein Z√§hler das n√§chste Mal abgelesen?;2023-10-10 13:20
Wenn ihr weiter meine Anfragen ignoriert, meld ich das ans Beschwerdezentrum. K√ºndigen bitte!;2023-10-11 11:35
Bitte schickt mir alle Abrechnungen nochmal, brauch das f√ºr die Steuer.;2023-10-07 11:15
Hallo, k√∂nnt ihr meine monatliche Abschlagszahlung um 10‚Ç¨ erh√∂hen?;2023-10-02 11:32
Sollte ich auf √ñkostrom wechseln? Was denkt ihr?;2023-10-02 08:45
Hast du einen guten Film-Tipp f√ºr das Wochenende?;2023-10-02 08:45
Hey, wie geht das mit √ñkostrom? K√∂nnt ihr mich darauf umstellen?;2023-10-06 14:20
Letzte Rechnung brauche ich Kopie, k√∂nnten Sie?;2023-10-03 13:40
Wie schwer ist es, auf ne einfache Frage zu antworten? Korrigiert die Rechnung, ist doch nicht schwer.;2023-10-15 11:45
Was ist los mit dem Strom? Schon der zweite Ausfall diese Woche!;2023-10-02 08:45
Hi, bitte stellt mich auf den flexiblen Tarif um. Passt besser zu meinen Arbeitszeiten.;2023-10-10 13:20
Lastschrift einrichten zum zahlen, wie funktniert?;2023-10-08 16:05
Gibt‚Äôs so was wie nen Rabatt f√ºr E-Auto driver? ‚ö°üöó;2023-10-10 10:00
Vielleicht sollte ich die monatliche Rate erh√∂hen? Bin mir unsicher‚Ä¶;2023-10-03 10:15
Meine alten Rechnungen sehen, wo kann das sein?;2023-10-14 09:30
Warum wurde mein Abschlag erh√∂ht, ohne dass ich informiert wurde?;2023-10-07 11:15
K√∂nntest du mir einen Witz erz√§hlen? üòÇ;2023-10-07 09:45
Wie aktiviere ich diesen Verbrauchsmonitor? Hab KP ü§Ø;2023-10-11 11:35